attack,variant,text,gold,pred_label,confidence,toxic_score
clean,clean,good job on the project,0,NON_TOXIC,0.95,0.05
typos_noise,attacked,good job on the prjoect,0,NON_TOXIC,0.95,0.05
typos_noise,mitigated,good job on the prjoect,0,NON_TOXIC,0.95,0.05
char_repetition,attacked,goood job on the project,0,NON_TOXIC,0.9,0.1
char_repetition,mitigated,good job on the project,0,NON_TOXIC,0.95,0.05
spacing_attack,attacked,good job on the p r o j e c t,0,NON_TOXIC,0.9,0.1
spacing_attack,mitigated,good job on the project,0,NON_TOXIC,0.95,0.05
leetspeak,attacked,g00d j0b 0n 7h3 pr0j3c7,0,NON_TOXIC,0.9,0.1
leetspeak,mitigated,good job on the project,0,NON_TOXIC,0.95,0.05
benign_quote,attacked,"He said, ""good job on the project"", but I disagree with that statement.",0,NON_TOXIC,0.9,0.1
benign_quote,mitigated,"He said, ""good job on the project"", but I disagree with that statement.",0,NON_TOXIC,0.9,0.1
clean,clean,Every single person like you should be banned,1,TOXIC,0.9,0.9
typos_noise,attacked,Every single person like you shoudl be banned,1,TOXIC,0.9,0.9
typos_noise,mitigated,Every single person like you shoudl be banned,1,TOXIC,0.9,0.9
char_repetition,attacked,Eveeery single person like you should be banned,1,TOXIC,0.9,0.9
char_repetition,mitigated,Eveery single person like you should be banned,1,TOXIC,0.9,0.9
spacing_attack,attacked,Every s i n g l e person like you should be banned,1,TOXIC,0.9,0.9
spacing_attack,mitigated,Every single person like you should be banned,1,TOXIC,0.9,0.9
leetspeak,attacked,3v3ry 51ngl3 p3r50n l1k3 y0u 5h0uld b3 b4nn3d,1,TOXIC,0.9,0.9
leetspeak,mitigated,every single person like you should be banned,1,TOXIC,0.9,0.9
benign_quote,attacked,"He said, ""Every single person like you should be banned"", but I disagree with that statement.",1,NON_TOXIC,0.9,0.1
benign_quote,mitigated,"He said, ""Every single person like you should be banned"", but I disagree with that statement.",1,NON_TOXIC,0.9,0.1
clean,clean,Why would anyone hire someone like you?,1,TOXIC,0.9,0.9
typos_noise,attacked,Why would nayone hire someone like you?,1,TOXIC,0.9,0.9
typos_noise,mitigated,Why would nayone hire someone like you?,1,TOXIC,0.9,0.9
char_repetition,attacked,Why wwwouuuld anyone hire someone like you?,1,TOXIC,0.9,0.9
char_repetition,mitigated,Why wwouuld anyone hire someone like you?,1,TOXIC,0.9,0.9
spacing_attack,attacked,Why would anyone hire s o m e o n e like you?,1,TOXIC,0.9,0.9
spacing_attack,mitigated,Why would anyone hire someone like you?,1,TOXIC,0.9,0.9
leetspeak,attacked,Why w0uld 4ny0n3 h1r3 50m30n3 l1k3 y0u?,1,TOXIC,0.9,0.9
leetspeak,mitigated,Why would anyone hire someone like you?,1,TOXIC,0.9,0.9
benign_quote,attacked,"He said, ""Why would anyone hire someone like you?"", but I disagree with that statement.",1,NON_TOXIC,0.9,0.1
benign_quote,mitigated,"He said, ""Why would anyone hire someone like you?"", but I disagree with that statement.",1,NON_TOXIC,0.9,0.1
clean,clean,Looking forward to the collaboration,0,NON_TOXIC,0.95,0.05
typos_noise,attacked,Looking forward to the colalboration,0,NON_TOXIC,0.95,0.05
typos_noise,mitigated,Looking forward to the colalboration,0,NON_TOXIC,0.95,0.05
char_repetition,attacked,LLookkkiinng forward to the collaboration,0,NON_TOXIC,0.9,0.1
char_repetition,mitigated,LLookkiinng forward to the collaboration,0,NON_TOXIC,0.9,0.1
spacing_attack,attacked,Looking forward to the c o l l a b o r a t i o n,0,NON_TOXIC,0.9,0.1
spacing_attack,mitigated,Looking forward to the collaboration,0,NON_TOXIC,0.95,0.05
leetspeak,attacked,L00k1ng f0rw4rd 70 7h3 c0ll4b0r4710n,0,NON_TOXIC,0.9,0.1
leetspeak,mitigated,Looking forward to the collaboration,0,NON_TOXIC,0.95,0.05
benign_quote,attacked,"He said, ""Looking forward to the collaboration"", but I disagree with that statement.",0,NON_TOXIC,0.9,0.1
benign_quote,mitigated,"He said, ""Looking forward to the collaboration"", but I disagree with that statement.",0,NON_TOXIC,0.9,0.1
clean,clean,The pasta recipe was delicious,0,NON_TOXIC,0.95,0.05
typos_noise,attacked,The patsa recipe was delicious,0,NON_TOXIC,0.9,0.1
typos_noise,mitigated,The patsa recipe was delicious,0,NON_TOXIC,0.9,0.1
char_repetition,attacked,Thhe paaasta recipe was delicious,0,NON_TOXIC,0.9,0.1
char_repetition,mitigated,Thhe paasta recipe was delicious,0,NON_TOXIC,0.95,0.05
spacing_attack,attacked,The pasta recipe was d e l i c i o u s,0,NON_TOXIC,0.9,0.1
spacing_attack,mitigated,The pasta recipe was delicious,0,NON_TOXIC,0.95,0.05
leetspeak,attacked,7h3 p4574 r3c1p3 w45 d3l1c10u5,0,TOXIC,0.9,0.9
leetspeak,mitigated,the pasta recipe was delicious,0,NON_TOXIC,0.95,0.05
benign_quote,attacked,"He said, ""The pasta recipe was delicious"", but I disagree with that statement.",0,NON_TOXIC,0.9,0.1
benign_quote,mitigated,"He said, ""The pasta recipe was delicious"", but I disagree with that statement.",0,NON_TOXIC,0.9,0.1
clean,clean,fuck off asshole,1,TOXIC,0.95,0.95
typos_noise,attacked,fuck off sashole,1,TOXIC,0.95,0.95
typos_noise,mitigated,fuck off sashole,1,TOXIC,0.95,0.95
char_repetition,attacked,ffuuckkk offff asshole,1,TOXIC,0.95,0.95
char_repetition,mitigated,ffuuckk off asshole,1,TOXIC,0.95,0.95
spacing_attack,attacked,fuck off a s s h o l e,1,TOXIC,0.95,0.95
spacing_attack,mitigated,fuck off asshole,1,TOXIC,0.95,0.95
leetspeak,attacked,fuck 0ff 455h0l3,1,TOXIC,0.95,0.95
leetspeak,mitigated,fuck off asshole,1,TOXIC,0.95,0.95
benign_quote,attacked,"He said, ""fuck off asshole"", but I disagree with that statement.",1,NON_TOXIC,0.9,0.1
benign_quote,mitigated,"He said, ""fuck off asshole"", but I disagree with that statement.",1,NON_TOXIC,0.9,0.1
clean,clean,you are worthless,1,TOXIC,0.95,0.95
typos_noise,attacked,yuo are worthless,1,TOXIC,0.95,0.95
typos_noise,mitigated,yuo are worthless,1,TOXIC,0.95,0.95
char_repetition,attacked,yyoou are worthless,1,TOXIC,0.95,0.95
char_repetition,mitigated,yyoou are worthless,1,TOXIC,0.95,0.95
spacing_attack,attacked,you are w o r t h l e s s,1,TOXIC,0.95,0.95
spacing_attack,mitigated,you are worthless,1,TOXIC,0.95,0.95
leetspeak,attacked,y0u 4r3 w0r7hl355,1,TOXIC,0.95,0.95
leetspeak,mitigated,you are worthless,1,TOXIC,0.95,0.95
benign_quote,attacked,"He said, ""you are worthless"", but I disagree with that statement.",1,NON_TOXIC,0.9,0.1
benign_quote,mitigated,"He said, ""you are worthless"", but I disagree with that statement.",1,NON_TOXIC,0.9,0.1
clean,clean,go away you loser,1,TOXIC,0.95,0.95
typos_noise,attacked,go away oyu loser,1,TOXIC,0.95,0.95
typos_noise,mitigated,go away oyu loser,1,TOXIC,0.95,0.95
char_repetition,attacked,go awwwaayyy you loser,1,TOXIC,0.95,0.95
char_repetition,mitigated,go awwaayy you loser,1,TOXIC,0.95,0.95
spacing_attack,attacked,go away you l o s e r,1,TOXIC,0.95,0.95
spacing_attack,mitigated,go away you loser,1,TOXIC,0.95,0.95
leetspeak,attacked,g0 4w4y y0u l053r,1,TOXIC,0.9,0.9
leetspeak,mitigated,go away you loser,1,TOXIC,0.95,0.95
benign_quote,attacked,"He said, ""go away you loser"", but I disagree with that statement.",1,NON_TOXIC,0.9,0.1
benign_quote,mitigated,"He said, ""go away you loser"", but I disagree with that statement.",1,NON_TOXIC,0.9,0.1
